frase,score,razón
acceso,2,urgencia
acceso ahora,4,urgencia
acto,3,urgencia
actuar inmediatamente,7,urgencia
actuar ahora,8,urgencia
acción,3,urgencia
acción requerida,7,urgencia
aplicar aquí,2,urgencia
aplica ya,4,urgencia
aplica online,2,urgencia
convertirse en miembro,2,urgencia
Antes de que sea demasiado tarde,8,urgencia
Ser miembro,2,urgencia
comprar,2,urgencia
comprar directo,2,urgencia
comprar ahora,5,urgencia
comprar hoy,5,urgencia
llamar,2,urgencia
Llamada gratis,3,urgencia
llámame,2,urgencia
llama ahora,5,urgencia
¿Podemos tener un minuto de tu tiempo?,5,urgencia
cancelar ahora,5,urgencia
Cancelación requerida,7,urgencia
reclama ahora,5,urgencia
hacer clic,2,urgencia
haga click abajo,4,urgencia
haga clic aquí,2,urgencia
Haga clic en mí para descargar,4,urgencia
Haga clic ahora,4,urgencia
Haga clic en este enlace,4,urgencia
Haga clic para obtener,4,urgencia
Haga clic para eliminar,4,urgencia
Contáctenos de inmediato,6,urgencia
trato terminando pronto,7,urgencia
hazlo ahora,7,urgencia
hazlo hoy,6,urgencia
No elimine,2,urgencia
No dudes,3,urgencia
No pierdas el tiempo,4,urgencia
trato exclusivo,6,urgencia
expirar,4,urgencia
vence hoy,6,urgencia
llamada final,8,urgencia
Para acceso instantáneo,5,urgencia
Por sólo,3,urgencia
para ti,2,urgencia
alejarlo,4,urgencia
consiguelo ahora,6,urgencia
obtener ahora,5,urgencia
recibir el pago,2,urgencia
Empezar,2,urgencia
empieza ahora,4,urgencia
gran oferta,4,urgencia
apresúrate,5,urgencia
inmediatamente,4,urgencia
Información que solicitó,3,urgencia
Información que solicitó,3,urgencia
instante,4,urgencia
tiempo limitado,5,urgencia
Solo nuevos clientes,7,urgencia
ahora,2,urgencia
solo ahora,5,urgencia
La oferta expira,7,urgencia
una vez en la vida,8,urgencia
solo,2,urgencia
ordenar ahora,5,urgencia
ordenar hoy,5,urgencia
por favor lee,2,urgencia
comprar ahora,5,urgencia
Regístrate gratis,2,urgencia
Regístrese gratis hoy,4,urgencia
Los suministros son limitados,6,urgencia
tomar acción,4,urgencia
tomar medidas ahora,6,urgencia
Esto no durará,6,urgencia
tiempo limitado,5,urgencia
hoy,3,urgencia
muy urgente,7,urgencia
ensayo,4,urgencia
urgente,7,urgencia
¿Que estas esperando?,5,urgencia
mientras duren las reservas,6,urgencia
Eres un ganador,6,urgencia
0 hacia abajo,2,dudoso
4U,4,dudoso
todo natural,3,dudoso
todo nuevo,3,dudoso
todo natural,3,dudoso
todo nuevo,3,dudoso
prestación,2,dudoso
como se ve en,3,dudoso
Como se ve en Oprah,5,dudoso
sin costo,3,dudoso
Extracción de correo electrónico automático,6,dudoso
evitar,4,dudoso
oferta beneficiosa,6,dudoso
beneficiario,2,dudoso
buscapersonas,4,dudoso
correo electrónico a granel,8,dudoso
compra de juicios,9,dudoso
compra de juicios,9,dudoso
convertidor de cable,4,dudoso
Llamar a los acreedores,6,dudoso
¿puedes ayudarnos?,5,dudoso
Cancelar en cualquier momento,2,dudoso
no se puede combinar,3,dudoso
celebridad,4,dudoso
estafa de cáncer de teléfono celular,9,dudoso
certificado,3,dudoso
oportunidad,4,dudoso
barato,4,dudoso
medicamentos baratos,9,dudoso
cialis,10,dudoso
reclamos,5,dudoso
afirma no vender nada,6,dudoso
reclamos estar de acuerdo con alguna ley de spam,7,dudoso
reclamos ser legales,2,dudoso
autorización,3,dudoso
recolectar,1,dudoso
recolectar manutención de los hijos,7,dudoso
comparar,1,dudoso
Comparar ahora,5,dudoso
Comparar en línea,4,dudoso
tasas de comparación,4,dudoso
Compite por su negocio,5,dudoso
confidencialidad,3,dudoso
Felicidades,1,dudoso
Consolidar deuda y crédito,6,dudoso
Consolidar su deuda,5,dudoso
copia con precisión,2,dudoso
Copiar DVD,6,dudoso
COVID-19,5,dudoso
cura,5,dudoso
cura la calvicie,9,dudoso
diagnóstico,4,dudoso
dieta,4,dudoso
desenterrar la tierra en los amigos,9,dudoso
correo electrónico directo,4,dudoso
marketing directo,4,dudoso
eliminar la deuda,7,dudoso
Explota tu negocio,8,dudoso
entrega rápida de viagra,9,dudoso
finanzas,3,dudoso
financiero,3,dudoso
asesoría financiera,4,dudoso
independencia financiera,6,dudoso
financieramente independiente,6,dudoso
Solo para nuevos clientes,4,dudoso
juicio hipotecario,7,dudoso
gratis,7,dudoso
acceso libre,6,dudoso
bono gratuito,6,dudoso
teléfono celular gratis,7,dudoso
regalo gratis,7,dudoso
dinero de subvención gratis,8,dudoso
información gratuita,6,dudoso
instalación gratuita,6,dudoso
instantáneo gratuito,6,dudoso
iPhone gratis,7,dudoso
computadora portátil gratis,7,dudoso
Leades gratuitos,6,dudoso
MacBook gratis,7,dudoso
oferta gratis,6,dudoso
correo prioritario gratuito,6,dudoso
muestra gratis,6,dudoso
sitio web gratuito,6,dudoso
¡gratis!,7,dudoso
tarjeta de regalo,5,dudoso
certificado de regalo,5,dudoso
regalo incluido,5,dudoso
regalarlo,6,dudoso
regalar,6,dudoso
regalarlo,6,dudoso
oro,4,dudoso
excelente,1,dudoso
Gran oferta,3,dudoso
Saludos del día,3,dudoso
hormona del crecimiento,8,dudoso
garantizar,5,dudoso
depósito garantizado,6,dudoso
Ingresos garantizados,6,dudoso
pago garantizado,6,dudoso
¿Te han rechazado?,6,dudoso
Hola (sin nombre incluido),3,dudoso
Cargos escondidos,6,dudoso
costos ocultos,6,dudoso
cargos ocultos,6,dudoso
puntuación más alta,3,dudoso
negocio desde casa,6,dudoso
hipoteca de la casa,5,dudoso
humano,1,dudoso
hormona del crecimiento humano,8,dudoso
Si solo fuera así de facil,5,dudoso
información importante,4,dudoso
notificación importante,4,dudoso
pérdida de peso instantánea,8,dudoso
Seguro perder peso,7,dudoso
mercadeo por Internet,5,dudoso
decisión de inversión,4,dudoso
factura,3,dudoso
Es efectivo,4,dudoso
alerta de Trabajo,4,dudoso
basura,5,dudoso
lambo,9,dudoso
impresora laser,5,dudoso
último día,4,dudoso
legal,2,dudoso
aviso Legal,4,dudoso
vida,4,dudoso
seguro de vida,5,dudoso
acceso de por vida,5,dudoso
trato de por vida,5,dudoso
limitado,4,dudoso
cantidad limitada,5,dudoso
número limitado,5,dudoso
oferta limitada,5,dudoso
recursos limitados,4,dudoso
Oferta por tiempo limitado,4,dudoso
por tiempo limitado,3,dudoso
préstamo,3,dudoso
Número de teléfono de larga distancia,2,dudoso
oferta telefónica de larga distancia,3,dudoso
perder peso,6,dudoso
perder peso rápido,8,dudoso
perder peso spam,10,dudoso
lotería,7,dudoso
tasa de interés más baja,4,dudoso
Tasas de interés más bajas,4,dudoso
pago mensual más bajo,4,dudoso
Baje su tasa de hipoteca,6,dudoso
Tarifas de seguro más bajas,6,dudoso
tasa de interés más baja,6,dudoso
la tasa más baja,3,dudoso
Tasas más bajas,3,dudoso
lujo,2,dudoso
carro de lujo,2,dudoso
Formulario de correo en orden,2,dudoso
Marque esto como no basura,3,dudoso
correo electrónico masivo,7,dudoso
médico,3,dudoso
medicamento,3,dudoso
conocer chicas,8,dudoso
Encuéntrame,6,dudoso
conocer solteros,8,dudoso
conocer mujeres,8,dudoso
miembro,2,dudoso
material de los miembros,2,dudoso
El mensaje contiene descargo de responsabilidad,1,dudoso
Mensaje de,1,dudoso
millonario,5,dudoso
millones,3,dudoso
MLM,7,dudoso
comercialización de niveles múltiples,8,dudoso
nombre,1,dudoso
cerca de usted,4,dudoso
nunca antes,2,dudoso
nuevo,2,dudoso
Nuevas extensiones de dominio,4,dudoso
nigeriano,9,dudoso
Sin restricciones de edad,4,dudoso
sin captura,2,dudoso
Sin formularios de reclamo,2,dudoso
gratis,2,dudoso
Sin verificación de crédito,3,dudoso
Sin experiencia crediticia,3,dudoso
No se requiere depósito,3,dudoso
Sin decepción,2,dudoso
no experiencia,3,dudoso
Sin cargos,2,dudoso
Sin truco,2,dudoso
No escondido,2,dudoso
sin cuotas escondidas,2,dudoso
Sin costos ocultos,2,dudoso
no hay interés,2,dudoso
Sin intereses,2,dudoso
sin inventario,2,dudoso
Sin inversión,2,dudoso
No se requiere inversión,3,dudoso
Sin exámenes médicos,3,dudoso
No Middleman,2,dudoso
Sin obligación,2,dudoso
No se requiere pago,2,dudoso
no se requiere compra,2,dudoso
no se hicieron preguntas,2,dudoso
Sin ventas,2,dudoso
Sin condiciones,2,dudoso
Sin obligación,2,dudoso
cuenta bancaria nominada,3,dudoso
sin intención,1,dudoso
no basura,1,dudoso
no estafa,1,dudoso
no spam,1,dudoso
no spam,1,dudoso
numero 1,2,dudoso
obligación,2,dudoso
apagado,2,dudoso
fuera de todo,2,dudoso
fuera de la costa,3,dudoso
Oferta extendida,2,dudoso
oferta,2,dudoso
costa afuera,3,dudoso
cien por ciento,2,dudoso
una vez,2,dudoso
Oportunidad de Biz en línea,6,dudoso
Grado en línea,5,dudoso
ingresos en línea,6,dudoso
trabajo en línea,5,dudoso
abierto,1,dudoso
oportunidad,3,dudoso
optar en,2,dudoso
orden,2,dudoso
pedido enviado por,2,dudoso
estado de pedido,2,dudoso
pedidos enviados por,2,dudoso
Pedidos enviados por el comprador,8,dudoso
valor excepcional,2,dudoso
valores excepcionales,2,dudoso
contraseña,5,dudoso
contraseñas,7,dudoso
paga tus cuentas,2,dudoso
por año,3,dudoso
por mes,2,dudoso
perfecto,2,dudoso
actuación,2,dudoso
teléfono,2,dudoso
por favor,1,dudoso
Por favor abre,4,dudoso
ahora,2,dudoso
Firma de forma de impresión,4,dudoso
Imprimir desde la firma,4,dudoso
Imprimir y fax,4,dudoso
correo urgente,4,dudoso
Fondos de propiedad privada,3,dudoso
premio,6,dudoso
Problema con el envío,5,dudoso
Problema con su pedido,5,dudoso
producido y enviado,3,dudoso
ganancia,2,dudoso
te lo prometo,7,dudoso
compra,2,dudoso
ganancias puras,5,dudoso
citas,2,dudoso
tasa,2,dudoso
Cosa real,3,dudoso
reembolso,6,dudoso
reducir la deuda,7,dudoso
casa de refinanciamiento,7,dudoso
casa refinanciada,7,dudoso
reembolso,6,dudoso
acerca de,2,dudoso
instrucciones de eliminación,6,dudoso
elimina,8,dudoso
elimina las arrugas,8,dudoso
RELICACIONES,10,dudoso
pedido,2,dudoso
Solicitud ahora,3,dudoso
Solicitar hoy,3,dudoso
Requiere inversión inicial,8,dudoso
Requiere inversión,8,dudoso
invierte el envejecimiento,10,dudoso
Sin riesgo,5,dudoso
rolex,10,dudoso
alrededor del mundo,2,dudoso
aviso de salvaguardia,4,dudoso
venta,2,dudoso
ventas,2,dudoso
ahorrar,2,dudoso
salvar,3,dudoso
ahorrar un gran mes,3,dudoso
ahorrar dinero,2,dudoso
guardar ahora,2,dudoso
anotar con chicas,10,dudoso
buscar optimización del motor,4,dudoso
Sección 301,4,dudoso
ver por ti mismo,3,dudoso
visto en,3,dudoso
grave,2,dudoso
caso grave,5,dudoso
oferta seria,5,dudoso
solo serio,5,dudoso
sexo,10,dudoso
Compra ahora,2,dudoso
comprador,4,dudoso
compra compulsiva,3,dudoso
ronquidos,5,dudoso
Número de seguro social,8,dudoso
pronto,2,dudoso
correo basura,10,dudoso
Spam gratis,2,dudoso
trato especial,4,dudoso
descuento especial,4,dudoso
especial para usted,4,dudoso
oferta especial,4,dudoso
acero inoxidable,5,dudoso
alerta de stock,6,dudoso
Declaración de descenso de existencias,6,dudoso
selección de valores,6,dudoso
acciones/alerta de stock/alerta de stock,6,dudoso
Deja de llamarme,6,dudoso
Deja de enviarme un correo electrónico,6,dudoso
detener una mayor distribución,7,dudoso
dejar de roncar,8,dudoso
Compra fuerte,6,dudoso
Cosas en venta,2,dudoso
sujeto a,2,dudoso
Sujeto a efectivo,7,dudoso
suscribir,2,dudoso
Suscríbete gratis,3,dudoso
Suscríbase ahora,3,dudoso
super promoción,4,dudoso
suministros,2,dudoso
Este es un anuncio,5,dudoso
términos,2,dudoso
las mejores tarifas,3,dudoso
la siguiente forma,4,dudoso
Hacen un reclamo o afirmaciones de que están de acuerdo con la ley de spam.,7,dudoso
Intentan mantener su dinero sin reembolso,9,dudoso
Solo lo están regalando,7,dudoso
esto no es basura,2,dudoso
esto no es spam,2,dudoso
esto no es una estafa,2,dudoso
multipropiedad,6,dudoso
Ofertas de tiempo compartido,7,dudoso
tráfico,3,dudoso
prueba ilimitada,3,dudoso
a nosotros. dólares,2,dudoso
no revelado,6,dudoso
destinatario no revelado,6,dudoso
diplomas universitarios,8,dudoso
crédito no garantizado,6,dudoso
deuda no garantizada,6,dudoso
no solicitado,9,dudoso
cancelar la suscripción,2,dudoso
respuesta urgente,7,dudoso
euros,2,dudoso
vacaciones,6,dudoso
Ofertas de vacaciones,7,dudoso
valium,10,dudoso
viagra,10,dudoso
vicodina,10,dudoso
VIP,6,dudoso
Visite nuestro sitio web,4,dudoso
Quiere tarjeta de crédito,8,dudoso
Garantía expiró,6,dudoso
Odiamos el spam,2,dudoso
Honramos a todos,3,dudoso
Visitantes del sitio web,4,dudoso
escape de fín de semana,5,dudoso
pérdida de peso,7,dudoso
¿Qué te mantiene?,5,dudoso
Mientras estén disponibles,4,dudoso
mientras está en stock,4,dudoso
hasta fin de existencias,5,dudoso
mientras duermes,6,dudoso
¿Quién gana realmente?,6,dudoso
ganar,3,dudoso
ganador,7,dudoso
victorioso,4,dudoso
ganado,5,dudoso
xanax,10,dudoso
xxx,10,dudoso
te han seleccionado,7,dudoso
Has sido seleccionado,7,dudoso
tu oportunidad,7,dudoso
tu estado,4,dudoso
Cero Chance,4,dudoso
cero por ciento,4,dudoso
Riesgo cero,4,dudoso
#1,3,promisión
De %,3,promisión
% gratis,4,promisión
% satisfecho,3,promisión
0%,3,promisión
0% de riesgo,4,promisión
100%,3,promisión
100% gratis,6,promisión
100% más,5,promisión
100% de descuento,5,promisión
100% satisfecho,5,promisión
99.90%,3,promisión
99%,3,promisión
Acceso gratis,4,promisión
ingresos adicionales,5,promisión
asombrado,3,promisión
asombroso,3,promisión
Oferta increíble,8,promisión
cosas increíbles,7,promisión
estar asombrado,6,promisión
quedar asombrado,4,promisión
sé tu propio jefe,7,promisión
créeme,6,promisión
mejor ganga,7,promisión
mejor trato,6,promisión
mejor oferta,6,promisión
mejor precio,6,promisión
las mejores tarifas,6,promisión
dinerales,7,promisión
prima,5,promisión
jefe,5,promisión
No puedo vivir sin,6,promisión
Cancelar,3,promisión
consolidar deuda,6,promisión
Duplique su efectivo,6,promisión
Duplique sus ingresos,6,promisión
Reducido drásticamente,5,promisión
Ganar efectivo extra,6,promisión
ganar dinero,5,promisión
Eliminar el mal crédito,6,promisión
Espere ganar,4,promisión
extra,2,promisión
dinero extra,3,promisión
ingresos extra,3,promisión
fantástico,3,promisión
trato fantástico,4,promisión
Oferta fantástica,4,promisión
rápido,5,promisión
Dinero fácil,6,promisión
libertad financiera,5,promisión
consulta gratis,3,promisión
alojamiento gratuito,3,promisión
información gratuita,4,promisión
inversión libre,6,promisión
membresía gratis,6,promisión
dinero gratis,10,promisión
Vista previa gratuita,4,promisión
Cotización Gratis,7,promisión
prueba gratis,5,promisión
reembolso completo,2,promisión
salir de la deuda,6,promisión
donar,3,promisión
garantizado,7,promisión
Incremento de ventas,3,promisión
aumentar el tráfico,3,promisión
trato increíble,5,promisión
unirse a miles de millones,3,promisión
unirse a millones,3,promisión
Únete a millones de estadounidenses,3,promisión
unirse a miles,3,promisión
tasas más bajas,3,promisión
el precio más bajo,3,promisión
ganar dinero,5,promisión
millón,5,promisión
Millón de dólares,6,promisión
milagro,7,promisión
devolución de dinero,4,promisión
Oferta de prueba de mes,4,promisión
Más tráfico de Internet,4,promisión
número uno,4,promisión
cien por ciento garantizado,6,promisión
una vez,3,promisión
centavos al día,3,promisión
ganancias potenciales,4,promisión
premio,5,promisión
promesa,5,promisión
ganancia pura,4,promisión
Sin riesgo,6,promisión
satisfacción garantizada,4,promisión
ahorrar mucho dinero,4,promisión
guardar hasta,3,promisión
promoción especial,4,promisión
el mejor,3,promisión
miles,3,promisión
oferta inmejorable,5,promisión
increíble,6,promisión
ilimitado,3,promisión
juicio ilimitado,4,promisión
maravilloso,3,promisión
no creerás tus ojos,5,promisión
$$$,6,dinero
50% rebajado,5,dinero
algunos bob,2,dinero
aceptar tarjetas de efectivo,3,dinero
aceptar tarjetas de crédito,3,dinero
asequible,2,dinero
oferta asequible,2,dinero
Evite la quiebra,4,dinero
mal credito,5,dinero
banco,2,dinero
bancarrota,6,dinero
negociar,4,dinero
facturación,2,dinero
Dirección de Envio,2,dinero
mil millones,6,dinero
billon de dolares,7,dinero
multimillonario,4,dinero
Tarjeta aceptada,2,dinero
Tarjetas aceptadas,2,dinero
dinero,3,dinero
bono de efectivo,3,dinero
retirarse,3,dinero
reembolso,3,dinero
Cashcashcash,6,dinero
casino,5,dinero
centavos en el dólar,4,dinero
controlar,2,dinero
Un cheque o giro,4,dinero
Reclamar su descuento,3,dinero
costo,2,dinero
costos,2,dinero
crédito,4,dinero
agencias de crédito,5,dinero
tarjeta de crédito,5,dinero
ofertas de tarjeta de crédito,5,dinero
crédito o débito,4,dinero
trato,2,dinero
deuda,5,dinero
descuento,3,dinero
dólares,3,dinero
duplicar tu,4,dinero
Duplique tu riqueza,4,dinero
ganar,4,dinero
Ganar $,4,dinero
ganar dinero,4,dinero
Ganar ingresos adicionales,4,dinero
Ganar desde casa,4,dinero
Ganar mensualmente,4,dinero
ganar por mes,4,dinero
Ganar por semana,4,dinero
Gana tu título,4,dinero
ingresos fáciles,3,dinero
Términos fáciles,3,dinero
gratis,3,dinero
gratis,3,dinero
por solo $,3,dinero
por solo $ (cantidad),3,dinero
por solo $ xxx,3,dinero
obtener dinero,4,dinero
obtener su dinero,4,dinero
activos ocultos,6,dinero
gran descuento,4,dinero
ingreso,4,dinero
Ingresos desde casa,4,dinero
aumentar los ingresos,4,dinero
aumentar las ventas/tráfico,4,dinero
Aumenta tus posibilidades,4,dinero
inversión inicial,4,dinero
ganancias instantáneas,4,dinero
ingreso instantáneo,4,dinero
seguro,4,dinero
inversión,4,dinero
Consejo de inversión,4,dinero
toda la vida,3,dinero
préstamos,4,dinero
hacer $,4,dinero
dinero,3,dinero
haciendo dinero,4,dinero
Garantía de devolución del dinero,4,dinero
haciendo dinero,4,dinero
mensualidad,2,dinero
hipoteca,5,dinero
las tasas hipotecarias,5,dinero
oferta,2,dinero
cien por ciento gratis,3,dinero
Solo $ $,3,dinero
precio,2,dinero
protección de precios,3,dinero
precios,2,dinero
ganancias,4,dinero
cita,2,dinero
tarifa,2,dinero
refinanciar,5,dinero
ahorrar $,3,dinero
efectivo grave,4,dinero
sujeto a crédito,4,dinero
dólares estadounidenses,2,dinero
¿Por qué pagar más?,3,dinero
Tu ingreso,4,dinero
aceptación,2,antinatural
respectivamente,1,antinatural
marketing basado en cuentas,3,antinatural
cuentas,2,antinatural
direcciones,2,antinatural
direcciones en CD,5,antinatural
bebida,1,antinatural
confidencialidad en todas las órdenes,2,antinatural
confidencialmente en todos los pedidos,2,antinatural
marketing de contenidos,3,antinatural
estimado,2,antinatural
"estimado,",4,antinatural
publicidad digital,3,antinatural
latente,2,antinatural
Extractor de correo electrónico,8,antinatural
Cosecha de correo electrónico,8,antinatural
correo de propaganda,7,antinatural
extraer correo electrónico,8,antinatural
forma,2,antinatural
libertad,2,antinatural
amigo,2,antinatural
aquí,1,antinatural
oculto,3,antinatural
hogar,1,antinatural
basado en casa,2,antinatural
empleo en el hogar,2,antinatural
basado en casa,2,antinatural
negocio desde casa,2,antinatural
negocio desde casa,2,antinatural
Si ya no desea recibir,8,antinatural
Información importante sobre,6,antinatural
de acuerdo con las leyes,3,antinatural
Aumente sus ventas,5,antinatural
mercado de Internet,3,antinatural
dejar,2,antinatural
perder,3,antinatural
mantenido,2,antinatural
marketing,3,antinatural
solución de marketing,3,antinatural
soluciones de marketing,3,antinatural
medio,2,antinatural
el mensaje contiene,6,antinatural
comercialización de niveles múltiples,8,antinatural
nunca,2,antinatural
por correo único,7,antinatural
Mercadeo en línea,3,antinatural
farmacia en línea,9,antinatural
optar en,5,antinatural
por día,2,antinatural
por semana,2,antinatural
pre aprobado,5,antinatural
problema,2,antinatural
eliminación,4,antinatural
eliminar,4,antinatural
se reserva el derecho,3,antinatural
reversión,2,antinatural
muestra,2,antinatural
satisfacción,2,antinatural
puntaje,2,antinatural
buscador,2,antinatural
listados de motores de búsqueda,3,antinatural
los motores de búsqueda,2,antinatural
enviado de cumplimiento,3,antinatural
solución,2,antinatural
detener,2,antinatural
éxito,2,antinatural
adolescente,1,antinatural
Términos y condiciones,3,antinatural
garantía,2,antinatural
tráfico web,3,antinatural
esposa,1,antinatural
trabajar en casa,3,antinatural
trabajar desde casa,3,antinatural
access,2,urgencia
access now,4,urgencia
act,3,urgencia
act immediately,7,urgencia
act now,8,urgencia
action,3,urgencia
action required,7,urgencia
apply here,2,urgencia
apply now,4,urgencia
apply online,2,urgencia
become a member,2,urgencia
before it’s too late,8,urgencia
being a member,2,urgencia
buy,2,urgencia
buy direct,2,urgencia
buy now,5,urgencia
buy today,5,urgencia
call,2,urgencia
call free,3,urgencia
call me,2,urgencia
call now,5,urgencia
can we have a minute of your time?,5,urgencia
cancel now,5,urgencia
cancellation required,7,urgencia
claim now,5,urgencia
click,2,urgencia
click below,4,urgencia
click here,2,urgencia
click me to download,4,urgencia
click now,4,urgencia
click this link,4,urgencia
click to get,4,urgencia
click to remove,4,urgencia
contact us immediately,6,urgencia
deal ending soon,7,urgencia
do it now,7,urgencia
do it today,6,urgencia
don’t delete,2,urgencia
don’t hesitate,3,urgencia
don’t waste time,4,urgencia
exclusive deal,6,urgencia
expire,4,urgencia
expires today,6,urgencia
final call,8,urgencia
for instant access,5,urgencia
for only,3,urgencia
for you,2,urgencia
get it away,4,urgencia
get it now,6,urgencia
get now,5,urgencia
get paid,2,urgencia
get started,2,urgencia
get started now,4,urgencia
great offer,4,urgencia
hurry up,5,urgencia
immediately,4,urgencia
info you requested,3,urgencia
information you requested,3,urgencia
instant,4,urgencia
limited time,5,urgencia
new customers only,7,urgencia
now,2,urgencia
now only,5,urgencia
offer expires,7,urgencia
once in a lifetime,8,urgencia
only,2,urgencia
order now,5,urgencia
order today,5,urgencia
please read,2,urgencia
purchase now,5,urgencia
sign up free,2,urgencia
sign up free today,4,urgencia
supplies are limited,6,urgencia
take action,4,urgencia
take action now,6,urgencia
this won’t last,6,urgencia
time limited,5,urgencia
today,3,urgencia
top urgent,7,urgencia
trial,4,urgencia
urgent,7,urgencia
what are you waiting for?,5,urgencia
while supplies last,6,urgencia
you are a winner,6,urgencia
0 down,2,sombreado
4U,4,sombreado
all natural,3,sombreado
all new,3,sombreado
all-natural,3,sombreado
all-new,3,sombreado
allowance,2,sombreado
as seen on,3,sombreado
as seen on oprah,5,sombreado
at no cost,3,sombreado
auto email removal,6,sombreado
avoid,4,sombreado
beneficial offer,6,sombreado
beneficiary,2,sombreado
brand new pager,4,sombreado
bulk email,8,sombreado
buying judgements,9,sombreado
buying judgments,9,sombreado
cable converter,4,sombreado
calling creditors,6,sombreado
can you help us?,5,sombreado
cancel at any time,2,sombreado
cannot be combined,3,sombreado
celebrity,4,sombreado
cell phone cancer scam,9,sombreado
certified,3,sombreado
chance,4,sombreado
cheap,4,sombreado
cheap meds,9,sombreado
cialis,10,sombreado
claims,5,sombreado
claims not to be selling anything,6,sombreado
claims to be in accordance with some spam law,7,sombreado
claims to be legal,2,sombreado
clearance,3,sombreado
collect,1,sombreado
collect child support,7,sombreado
compare,1,sombreado
compare now,5,sombreado
compare online,4,sombreado
compare rates,4,sombreado
compete for your business,5,sombreado
confidentiality,3,sombreado
congratulations,1,sombreado
consolidate debt and credit,6,sombreado
consolidate your debt,5,sombreado
copy accurately,2,sombreado
copy dvds,6,sombreado
covid,5,sombreado
cures,5,sombreado
cures baldness,9,sombreado
diagnostic,4,sombreado
diet,4,sombreado
dig up dirt on friends,9,sombreado
direct email,4,sombreado
direct marketing,4,sombreado
eliminate debt,7,sombreado
explode your business,8,sombreado
fast viagra delivery,9,sombreado
finance,3,sombreado
financial,3,sombreado
financial advice,4,sombreado
financial independence,6,sombreado
financially independent,6,sombreado
for new customers only,4,sombreado
foreclosure,7,sombreado
free,7,sombreado
free access,6,sombreado
free bonus,6,sombreado
free cell phone,7,sombreado
free gift,7,sombreado
free grant money,8,sombreado
free information,6,sombreado
free installation,6,sombreado
free instant,6,sombreado
free iphone,7,sombreado
free laptop,7,sombreado
free leads,6,sombreado
free macbook,7,sombreado
free offer,6,sombreado
free priority mail,6,sombreado
free sample,6,sombreado
free website,6,sombreado
free!,7,sombreado
gift card,5,sombreado
gift certificate,5,sombreado
gift included,5,sombreado
give it away,6,sombreado
giving away,6,sombreado
giving it away,6,sombreado
gold,4,sombreado
great,1,sombreado
great deal,3,sombreado
greetings of the day,3,sombreado
growth hormone,8,sombreado
guarantee,5,sombreado
guaranteed deposit,6,sombreado
guaranteed income,6,sombreado
guaranteed payment,6,sombreado
have you been turned down?,6,sombreado
hello (with no name included),3,sombreado
hidden charges,6,sombreado
hidden costs,6,sombreado
hidden fees,6,sombreado
high score,3,sombreado
home based business,6,sombreado
home mortgage,5,sombreado
human,1,sombreado
human growth hormone,8,sombreado
if only it were that easy,5,sombreado
important information,4,sombreado
important notification,4,sombreado
instant weight loss,8,sombreado
insurance lose weight,7,sombreado
internet marketing,5,sombreado
investment decision,4,sombreado
invoice,3,sombreado
it’s effective,4,sombreado
job alert,4,sombreado
junk,5,sombreado
lambo,9,sombreado
laser printer,5,sombreado
last day,4,sombreado
legal,2,sombreado
legal notice,4,sombreado
life,4,sombreado
life insurance,5,sombreado
lifetime access,5,sombreado
lifetime deal,5,sombreado
limited,4,sombreado
limited amount,5,sombreado
limited number,5,sombreado
limited offer,5,sombreado
limited supply,4,sombreado
limited time offer,4,sombreado
limited time only,3,sombreado
loan,3,sombreado
long distance phone number,2,sombreado
long distance phone offer,3,sombreado
lose weight,6,sombreado
lose weight fast,8,sombreado
lose weight spam,10,sombreado
lottery,7,sombreado
lower interest rate,4,sombreado
lower interest rates,4,sombreado
lower monthly payment,4,sombreado
lower your mortgage rate,6,sombreado
lowest insurance rates,6,sombreado
lowest interest rate,6,sombreado
lowest rate,3,sombreado
lowest rates,3,sombreado
luxury,2,sombreado
luxury car,2,sombreado
mail in order form,2,sombreado
mark this as not junk,3,sombreado
mass email,7,sombreado
medical,3,sombreado
medicine,3,sombreado
meet girls,8,sombreado
meet me,6,sombreado
meet singles,8,sombreado
meet women,8,sombreado
member,2,sombreado
member stuff,2,sombreado
message contains disclaimer,1,sombreado
message from,1,sombreado
millionaire,5,sombreado
millions,3,sombreado
mlm,7,sombreado
multi-level marketing,8,sombreado
name,1,sombreado
near you,4,sombreado
never before,2,sombreado
new,2,sombreado
new domain extensions,4,sombreado
nigerian,9,sombreado
no age restrictions,4,sombreado
no catch,2,sombreado
no claim forms,2,sombreado
no cost,2,sombreado
no credit check,3,sombreado
no credit experience,3,sombreado
no deposit required,3,sombreado
no disappointment,2,sombreado
no experience,3,sombreado
no fees,2,sombreado
no gimmick,2,sombreado
no hidden,2,sombreado
no hidden fees,2,sombreado
no hidden costs,2,sombreado
no interest,2,sombreado
no interests,2,sombreado
no inventory,2,sombreado
no investment,2,sombreado
no investment required,3,sombreado
no medical exams,3,sombreado
no middleman,2,sombreado
no obligation,2,sombreado
no payment required,2,sombreado
no purchase necessary,2,sombreado
no questions asked,2,sombreado
no selling,2,sombreado
no strings attached,2,sombreado
no-obligation,2,sombreado
nominated bank account,3,sombreado
not intended,1,sombreado
not junk,1,sombreado
not scam,1,sombreado
not spam,1,sombreado
notspam,1,sombreado
number 1,2,sombreado
obligation,2,sombreado
off,2,sombreado
off everything,2,sombreado
off shore,3,sombreado
offer extended,2,sombreado
offers,2,sombreado
offshore,3,sombreado
one hundred percent,2,sombreado
one-time,2,sombreado
online biz opportunity,6,sombreado
online degree,5,sombreado
online income,6,sombreado
online job,5,sombreado
open,1,sombreado
opportunity,3,sombreado
opt-in,2,sombreado
order,2,sombreado
order shipped by,2,sombreado
order status,2,sombreado
orders shipped by,2,sombreado
orders shipped by shopper,8,sombreado
outstanding value,2,sombreado
outstanding values,2,sombreado
password,5,sombreado
passwords,7,sombreado
pay your bills,2,sombreado
per year,3,sombreado
per month,2,sombreado
perfect,2,sombreado
performance,2,sombreado
phone,2,sombreado
please,1,sombreado
please open,4,sombreado
presently,2,sombreado
print form signature,4,sombreado
print from signature,4,sombreado
print out and fax,4,sombreado
priority mail,4,sombreado
privately owned funds,3,sombreado
prizes,6,sombreado
problem with shipping,5,sombreado
problem with your order,5,sombreado
produced and sent out,3,sombreado
profit,2,sombreado
promise you,7,sombreado
purchase,2,sombreado
pure profits,5,sombreado
quotes,2,sombreado
rate,2,sombreado
real thing,3,sombreado
rebate,6,sombreado
reduce debt,7,sombreado
refinance home,7,sombreado
refinanced home,7,sombreado
refund,6,sombreado
regarding,2,sombreado
removal instructions,6,sombreado
removes,8,sombreado
removes wrinkles,8,sombreado
replica watches,10,sombreado
request,2,sombreado
request now,3,sombreado
request today,3,sombreado
requires initial investment,8,sombreado
requires investment,8,sombreado
reverses aging,10,sombreado
risk free,5,sombreado
rolex,10,sombreado
round the world,2,sombreado
safeguard notice,4,sombreado
sale,2,sombreado
sales,2,sombreado
save,2,sombreado
save big,3,sombreado
save big month,3,sombreado
save money,2,sombreado
save now,2,sombreado
score with babes,10,sombreado
search engine optimisation,4,sombreado
section 301,4,sombreado
see for yourself,3,sombreado
seen on,3,sombreado
serious,2,sombreado
serious case,5,sombreado
serious offer,5,sombreado
serious only,5,sombreado
sex,10,sombreado
shop now,2,sombreado
shopper,4,sombreado
shopping spree,3,sombreado
snoring,5,sombreado
social security number,8,sombreado
soon,2,sombreado
spam,10,sombreado
spam free,2,sombreado
special deal,4,sombreado
special discount,4,sombreado
special for you,4,sombreado
special offer,4,sombreado
stainless steel,5,sombreado
stock alert,6,sombreado
stock disclaimer statement,6,sombreado
stock pick,6,sombreado
stocks/stock pick/stock alert,6,sombreado
stop calling me,6,sombreado
stop emailing me,6,sombreado
stop further distribution,7,sombreado
stop snoring,8,sombreado
strong buy,6,sombreado
stuff on sale,2,sombreado
subject to,2,sombreado
subject to cash,7,sombreado
subscribe,2,sombreado
subscribe for free,3,sombreado
subscribe now,3,sombreado
super promo,4,sombreado
supplies,2,sombreado
this is an ad,5,sombreado
terms,2,sombreado
the best rates,3,sombreado
the following form,4,sombreado
they make a claim or claims that they’re in accordance with spam law,7,sombreado
they try to keep your money no refund,9,sombreado
they’re just giving it away,7,sombreado
this isn’t junk,2,sombreado
this isn’t spam,2,sombreado
this isn’t a scam,2,sombreado
timeshare,6,sombreado
timeshare offers,7,sombreado
traffic,3,sombreado
trial unlimited,3,sombreado
u.s. dollars,2,sombreado
undisclosed,6,sombreado
undisclosed recipient,6,sombreado
university diplomas,8,sombreado
unsecured credit,6,sombreado
unsecured debt,6,sombreado
unsolicited,9,sombreado
unsubscribe,2,sombreado
urgent response,7,sombreado
euros,2,sombreado
vacation,6,sombreado
vacation offers,7,sombreado
valium,10,sombreado
viagra,10,sombreado
vicodin,10,sombreado
vip,6,sombreado
visit our website,4,sombreado
wants credit card,8,sombreado
warranty expired,6,sombreado
we hate spam,2,sombreado
we honor all,3,sombreado
website visitors,4,sombreado
weekend getaway,5,sombreado
weight loss,7,sombreado
what’s keeping you?,5,sombreado
while available,4,sombreado
while in stock,4,sombreado
while stocks last,5,sombreado
while you sleep,6,sombreado
who really wins?,6,sombreado
win,3,sombreado
winner,7,sombreado
winning,4,sombreado
won,5,sombreado
xanax,10,sombreado
xxx,10,sombreado
you have been chosen,7,sombreado
you have been selected,7,sombreado
your chance,7,sombreado
your status,4,sombreado
zero chance,4,sombreado
zero percent,4,sombreado
zero risk,4,sombreado
#1,3,promisión
%,3,promisión
% free,4,promisión
% satisfied,3,promisión
0%,3,promisión
0% risk,4,promisión
100%,3,promisión
100% free,6,promisión
100% more,5,promisión
100% off,5,promisión
100% satisfied,5,promisión
99.90%,3,promisión
99%,3,promisión
access for free,4,promisión
additional income,5,promisión
amazed,3,promisión
amazing,3,promisión
amazing offer,8,promisión
amazing stuff,7,promisión
be amazed,6,promisión
be surprised,4,promisión
be your own boss,7,promisión
believe me,6,promisión
best bargain,7,promisión
best deal,6,promisión
best offer,6,promisión
best price,6,promisión
best rates,6,promisión
big bucks,7,promisión
bonus,5,promisión
boss,5,promisión
can’t live without,6,promisión
cancel,3,promisión
consolidate debt,6,promisión
double your cash,6,promisión
double your income,6,promisión
drastically reduced,5,promisión
earn extra cash,6,promisión
earn money,5,promisión
eliminate bad credit,6,promisión
expect to earn,4,promisión
extra,2,promisión
extra cash,3,promisión
extra income,3,promisión
fantastic,3,promisión
fantastic deal,4,promisión
fantastic offer,4,promisión
fast,5,promisión
fast cash,6,promisión
financial freedom,5,promisión
free consultation,3,promisión
free hosting,3,promisión
free info,4,promisión
free investment,6,promisión
free membership,6,promisión
free money,10,promisión
free preview,4,promisión
free quote,7,promisión
free trial,5,promisión
full refund,2,promisión
get out of debt,6,promisión
giveaway,3,promisión
guaranteed,7,promisión
increase sales,3,promisión
increase traffic,3,promisión
incredible deal,5,promisión
join billions,3,promisión
join millions,3,promisión
join millions of americans,3,promisión
join thousands,3,promisión
lower rates,3,promisión
lowest price,3,promisión
make money,5,promisión
million,5,promisión
million dollars,6,promisión
miracle,7,promisión
money back,4,promisión
month trial offer,4,promisión
more internet traffic,4,promisión
number one,4,promisión
one hundred percent guaranteed,6,promisión
one time,3,promisión
pennies a day,3,promisión
potential earnings,4,promisión
prize,5,promisión
promise,5,promisión
pure profit,4,promisión
risk-free,6,promisión
satisfaction guaranteed,4,promisión
save big money,4,promisión
save up to,3,promisión
special promotion,4,promisión
the best,3,promisión
thousands,3,promisión
unbeatable offer,5,promisión
unbelievable,6,promisión
unlimited,3,promisión
unlimited trial,4,promisión
wonderful,3,promisión
you will not believe your eyes,5,promisión
$$$,6,dinero
50% off,5,dinero
a few bob,2,dinero
accept cash cards,3,dinero
accept credit cards,3,dinero
affordable,2,dinero
affordable deal,2,dinero
avoid bankruptcy,4,dinero
bad credit,5,dinero
bank,2,dinero
bankruptcy,6,dinero
bargain,4,dinero
billing,2,dinero
billing address,2,dinero
billion,6,dinero
billion dollars,7,dinero
billionaire,4,dinero
card accepted,2,dinero
cards accepted,2,dinero
cash,3,dinero
cash bonus,3,dinero
cash out,3,dinero
cash-out,3,dinero
cashcashcash,6,dinero
casino,5,dinero
cents on the dollar,4,dinero
check,2,dinero
check or money order,4,dinero
claim your discount,3,dinero
cost,2,dinero
costs,2,dinero
credit,4,dinero
credit bureaus,5,dinero
credit card,5,dinero
credit card offers,5,dinero
credit or debit,4,dinero
deal,2,dinero
debt,5,dinero
discount,3,dinero
dollars,3,dinero
double your,4,dinero
double your wealth,4,dinero
earn,4,dinero
earn $,4,dinero
earn cash,4,dinero
earn extra income,4,dinero
earn from home,4,dinero
earn monthly,4,dinero
earn per month,4,dinero
earn per week,4,dinero
earn your degree,4,dinero
easy income,3,dinero
easy terms,3,dinero
f r e e,3,dinero
for free,3,dinero
for just $,3,dinero
for just $ (amount),3,dinero
for just $xxx,3,dinero
get money,4,dinero
get your money,4,dinero
hidden assets,6,dinero
huge discount,4,dinero
income,4,dinero
income from home,4,dinero
increase revenue,4,dinero
increase sales/traffic,4,dinero
increase your chances,4,dinero
initial investment,4,dinero
instant earnings,4,dinero
instant income,4,dinero
insurance,4,dinero
investment,4,dinero
investment advice,4,dinero
lifetime,3,dinero
loans,4,dinero
make $,4,dinero
money,3,dinero
money making,4,dinero
money-back guarantee,4,dinero
money-making,4,dinero
monthly payment,2,dinero
mortgage,5,dinero
mortgage rates,5,dinero
offer,2,dinero
one hundred percent free,3,dinero
only $,3,dinero
price,2,dinero
price protection,3,dinero
prices,2,dinero
profits,4,dinero
quote,2,dinero
rates,2,dinero
refinance,5,dinero
save $,3,dinero
serious cash,4,dinero
subject to credit,4,dinero
us dollars,2,dinero
why pay more?,3,dinero
your income,4,dinero
acceptance,2,antinatural
accordingly,1,antinatural
account-based marketing,3,antinatural
accounts,2,antinatural
addresses,2,antinatural
addresses on cd,5,antinatural
beverage,1,antinatural
confidentiality on all orders,2,antinatural
confidentially on all orders,2,antinatural
content marketing,3,antinatural
dear,2,antinatural
"dear,",4,antinatural
digital marketing,3,antinatural
dormant,2,antinatural
email extractor,8,antinatural
email harvest,8,antinatural
email marketing,7,antinatural
extract email,8,antinatural
form,2,antinatural
freedom,2,antinatural
friend,2,antinatural
here,1,antinatural
hidden,3,antinatural
home,1,antinatural
home based,2,antinatural
home employment,2,antinatural
home-based,2,antinatural
home-based business,2,antinatural
homebased business,2,antinatural
if you no longer wish to receive,8,antinatural
important information regarding,6,antinatural
in accordance with laws,3,antinatural
increase your sales,5,antinatural
internet market,3,antinatural
leave,2,antinatural
lose,3,antinatural
maintained,2,antinatural
marketing,3,antinatural
marketing solution,3,antinatural
marketing solutions,3,antinatural
medium,2,antinatural
message contains,6,antinatural
multi level marketing,8,antinatural
never,2,antinatural
one time mailing,7,antinatural
online marketing,3,antinatural
online pharmacy,9,antinatural
opt in,5,antinatural
per day,2,antinatural
per week,2,antinatural
pre-approved,5,antinatural
problem,2,antinatural
removal,4,antinatural
remove,4,antinatural
reserves the right,3,antinatural
reverses,2,antinatural
sample,2,antinatural
satisfaction,2,antinatural
score,2,antinatural
search engine,2,antinatural
search engine listings,3,antinatural
search engines,2,antinatural
sent in compliance,3,antinatural
solution,2,antinatural
stop,2,antinatural
success,2,antinatural
teen,1,antinatural
terms and conditions,3,antinatural
warranty,2,antinatural
web traffic,3,antinatural
wife,1,antinatural
work at home,3,antinatural
work from home,3,antinatural
